{
  "federated_learning": {
    "accuracy": 0.8279569892473119,
    "precision": 0.8181818181818182,
    "recall": 0.8823529411764706,
    "f1": 0.8490566037735849,
    "roc_auc": 0.9067460317460317,
    "training_time": 59.32862687110901,
    "num_rounds": 10,
    "num_clients": 3
  },
  "centralized": {
    "accuracy": 0.8260869565217391,
    "precision": 0.8017241379310345,
    "recall": 0.9117647058823529,
    "f1": 0.8532110091743119,
    "roc_auc": 0.883428981348637,
    "training_time": 3.2340683937072754,
    "num_epochs": 14
  }
}